0001,1,4,6,146,11,大,单
0002,1,5,6,156,12,大,双
0003,1,4,6,146,11,大,单
0004,2,3,5,235,10,小,双
0005,3,4,6,346,13,大,单
0006,5,5,5,555,15,大,单
0007,4,5,6,456,15,大,单
0008,2,2,4,224,8,小,双
0009,2,4,6,246,12,大,双
0010,3,5,6,356,14,大,双
0011,1,3,5,135,9,小,单
0012,2,5,6,256,13,大,单
0013,1,2,6,126,9,小,单
0014,1,3,6,136,10,小,双
0015,4,5,6,456,15,大,单
0016,4,6,6,466,16,大,双
0017,2,4,6,246,12,大,双
0018,2,2,5,225,9,小,单
0019,1,2,3,123,6,小,双
0020,2,4,5,245,11,大,单
0021,2,2,5,225,9,小,单
0022,4,5,6,456,15,大,单
0023,1,1,4,114,6,小,双
0024,1,1,2,112,4,小,双
0025,2,4,4,244,10,小,双
0026,4,4,5,445,13,大,单
0027,2,4,5,245,11,大,单
0028,2,3,6,236,11,大,单
0029,2,5,6,256,13,大,单
0030,1,1,4,114,6,小,双
0031,3,4,6,346,13,大,单
0032,2,5,6,256,13,大,单
0033,2,5,5,255,12,大,双
0034,1,5,6,156,12,大,双
0035,2,3,4,234,9,小,单
0036,1,2,5,125,8,小,双
0037,1,1,4,114,6,小,双
0038,1,3,6,136,10,小,双
0039,2,6,6,266,14,大,双
0040,2,3,5,235,10,小,双
0041,2,5,6,256,13,大,单
0042,3,4,6,346,13,大,单
0043,3,5,5,355,13,大,单
0044,2,4,4,244,10,小,双
0045,2,5,5,255,12,大,双
0046,2,2,6,226,10,小,双
0047,4,4,6,446,14,大,双
0048,1,2,4,124,7,小,单
0049,3,5,5,355,13,大,单
0050,2,3,4,234,9,小,单
0051,1,3,4,134,8,小,双
0052,1,3,5,135,9,小,单
0053,5,5,6,556,16,大,双
0054,3,5,5,355,13,大,单
0055,2,3,6,236,11,大,单
0056,3,3,5,335,11,大,单
0057,1,3,4,134,8,小,双
0058,1,1,4,114,6,小,双
0059,1,1,2,112,4,小,双
0060,2,4,4,244,10,小,双
0061,1,4,6,146,11,大,单
0062,3,4,5,345,12,大,双
0063,1,2,4,124,7,小,单
0064,1,3,4,134,8,小,双
0065,2,3,5,235,10,小,双
0066,2,2,3,223,7,小,单
0067,3,4,6,346,13,大,单
0068,3,5,6,356,14,大,双
0069,1,2,3,123,6,小,双
0070,3,4,5,345,12,大,双
0071,1,1,5,115,7,小,单
0072,1,2,6,126,9,小,单
0073,3,5,6,356,14,大,双
0074,5,5,6,556,16,大,双
0075,2,4,4,244,10,小,双
0076,1,2,2,122,5,小,单
0077,1,3,6,136,10,小,双
0078,3,4,5,345,12,大,双
0079,3,3,6,336,12,大,双
0080,1,6,6,166,13,大,单
0081,1,2,6,126,9,小,单
0082,1,3,6,136,10,小,双
0083,3,4,6,346,13,大,单
0084,1,4,6,146,11,大,单
0085,3,4,4,344,11,大,单
0086,3,3,5,335,11,大,单
0087,4,5,6,456,15,大,单
0088,1,4,6,146,11,大,单
0089,1,5,6,156,12,大,双
0090,1,4,6,146,11,大,单
0091,4,5,6,456,15,大,单
0092,4,4,6,446,14,大,双
0093,1,1,3,113,5,小,单
0094,2,5,5,255,12,大,双
0095,3,5,6,356,14,大,双
0096,4,6,6,466,16,大,双
0097,1,5,6,156,12,大,双
0098,2,5,5,255,12,大,双
0099,2,6,6,266,14,大,双
0100,1,2,4,124,7,小,单
0101,1,1,4,114,6,小,双
0102,3,6,6,366,15,大,单
0103,4,5,,45,9,小,单
0104,4,4,5,445,13,大,单
0105,2,4,4,244,10,小,双
0106,2,4,6,246,12,大,双
0107,2,2,6,226,10,小,双
0108,1,1,5,115,7,小,单
0109,1,5,6,156,12,大,双
0110,2,4,5,245,11,大,单
0111,5,6,6,566,17,大,单
0112,1,4,5,145,10,小,双
0113,3,3,5,335,11,大,单
0114,2,2,4,224,8,小,双
0115,1,3,5,135,9,小,单
0116,1,3,6,136,10,小,双
0117,2,3,6,236,11,大,单
0118,1,4,5,145,10,小,双
0119,4,4,6,446,14,大,双
0120,1,3,5,135,9,小,单
0121,2,3,5,235,10,小,双
0122,2,5,6,256,13,大,单
0123,1,6,6,166,13,大,单
0124,6,6,6,666,18,大,双
0125,1,2,4,124,7,小,单
0126,2,3,6,236,11,大,单
0127,1,3,6,136,10,小,双
0128,2,3,5,235,10,小,双
0129,1,1,6,116,8,小,双
0130,2,3,6,236,11,大,单
0131,2,5,6,256,13,大,单
0132,2,3,4,234,9,小,单
0133,2,4,5,245,11,大,单
0134,2,3,5,235,10,小,双
0135,4,6,6,466,16,大,双
0136,3,4,6,346,13,大,单
0137,4,4,6,446,14,大,双
0138,2,2,3,223,7,小,单
0139,1,3,4,134,8,小,双
0140,2,5,5,255,12,大,双
0141,1,3,4,134,8,小,双
0142,5,5,6,556,16,大,双
0143,1,4,6,146,11,大,单
0144,3,4,5,345,12,大,双
0145,3,5,5,355,13,大,单
0146,4,5,6,456,15,大,单
0147,2,3,4,234,9,小,单
0148,4,5,6,456,15,大,单
0149,2,2,2,222,6,小,双
0150,2,5,6,256,13,大,单
0151,1,3,3,133,7,小,单
0152,3,4,5,345,12,大,双
0153,3,3,4,334,10,小,双
0154,1,2,5,125,8,小,双
0155,1,1,2,112,4,小,双
0156,1,2,3,123,6,小,双
0157,1,2,6,126,9,小,单
0158,1,3,6,136,10,小,双
0159,1,2,4,124,7,小,单
0160,1,1,2,112,4,小,双
0161,3,4,6,346,13,大,单
0162,2,4,5,245,11,大,单
0163,4,6,6,466,16,大,双
0164,1,4,4,144,9,小,单
0165,3,5,6,356,14,大,双
0166,1,3,5,135,9,小,单
0167,1,2,4,124,7,小,单
0168,1,2,4,124,7,小,单
0169,4,5,5,455,14,大,双
0170,1,2,4,124,7,小,单
0171,3,4,4,344,11,大,单
0172,1,1,4,114,6,小,双
0173,4,5,5,455,14,大,双
0174,1,4,6,146,11,大,单
0175,2,3,5,235,10,小,双
0176,1,2,3,123,6,小,双
0177,3,5,6,356,14,大,双
0178,2,3,3,233,8,小,双
0179,2,4,6,246,12,大,双
0180,1,2,5,125,8,小,双
0181,3,5,5,355,13,大,单
0182,2,5,6,256,13,大,单
0183,1,2,6,126,9,小,单
0184,2,3,6,236,11,大,单
0185,1,1,2,112,4,小,双
0186,3,4,5,345,12,大,双
0187,2,3,4,234,9,小,单
0188,2,3,4,234,9,小,单
0189,2,4,6,246,12,大,双
0190,4,5,6,456,15,大,单
0191,2,4,6,246,12,大,双
0192,1,4,5,145,10,小,双
0193,1,1,4,114,6,小,双
0194,3,4,4,344,11,大,单
0195,2,3,5,235,10,小,双
0196,1,4,6,146,11,大,单
0197,2,3,3,233,8,小,双
0198,1,2,2,122,5,小,单
0199,1,1,2,112,4,小,双
0200,2,2,6,226,10,小,双
0201,1,1,6,116,8,小,双
0202,1,2,3,123,6,小,双
0203,2,2,5,225,9,小,单
0204,1,4,5,145,10,小,双
0205,2,4,4,244,10,小,双
0206,3,5,5,355,13,大,单
0207,2,4,6,246,12,大,双
0208,4,4,6,446,14,大,双
0209,3,5,6,356,14,大,双
0210,2,2,5,225,9,小,单
0211,1,3,4,134,8,小,双
0212,1,3,4,134,8,小,双
0213,2,3,4,234,9,小,单
0214,2,4,5,245,11,大,单
0215,1,2,5,125,8,小,双
0216,1,4,6,146,11,大,单
0217,2,3,6,236,11,大,单
0218,3,3,5,335,11,大,单
0219,1,1,6,116,8,小,双
0220,1,4,5,145,10,小,双
0221,1,4,6,146,11,大,单
0222,3,4,4,344,11,大,单
0223,3,3,6,336,12,大,双
0224,1,2,5,125,8,小,双
0225,2,4,6,246,12,大,双
0226,1,1,2,112,4,小,双
0227,2,4,5,245,11,大,单
0228,4,5,6,456,15,大,单
0229,2,2,3,223,7,小,单
0230,2,2,5,225,9,小,单
0231,1,3,5,135,9,小,单
0232,1,3,6,136,10,小,双
0233,1,2,3,123,6,小,双
0234,2,5,5,255,12,大,双
0235,5,6,6,566,17,大,单
0236,5,5,6,556,16,大,双
0237,3,3,5,335,11,大,单
0238,2,4,55,2455,61,大,单
0239,3,4,6,346,13,大,单
0240,1,3,4,134,8,小,双
0241,2,4,4,244,10,小,双
0242,2,2,3,223,7,小,单
0243,4,4,6,446,14,大,双
0244,1,4,6,146,11,大,单
0245,1,4,5,145,10,小,双
0246,3,5,6,356,14,大,双
0247,2,3,5,235,10,小,双
0248,2,3,5,235,10,小,双
0249,1,4,5,145,10,小,双
0250,4,4,5,445,13,大,单
0251,1,3,4,134,8,小,双
0252,4,5,6,456,15,大,单
0253,2,6,6,266,14,大,双
0254,1,3,4,134,8,小,双
0255,1,2,5,125,8,小,双
0256,2,3,4,234,9,小,单
0257,2,2,6,226,10,小,双
0258,1,2,3,123,6,小,双
0259,1,3,4,134,8,小,双
0260,3,4,5,345,12,大,双
0261,1,3,5,135,9,小,单
0262,2,5,6,256,13,大,单
0263,2,4,5,245,11,大,单
0264,2,3,5,235,10,小,双
0265,1,4,5,145,10,小,双
0266,1,2,2,122,5,小,单
0267,3,4,5,345,12,大,双
0268,1,3,4,134,8,小,双
0269,2,5,6,256,13,大,单
0270,2,5,6,256,13,大,单
0271,2,4,6,246,12,大,双
0272,2,3,4,234,9,小,单
0273,2,5,6,256,13,大,单
0274,3,4,6,346,13,大,单
0275,3,5,6,356,14,大,双
0276,4,5,5,455,14,大,双
0277,2,3,3,233,8,小,双
0278,1,3,6,136,10,小,双
0279,1,4,5,145,10,小,双
0280,2,3,6,236,11,大,单
0281,4,4,5,445,13,大,单
0282,3,3,4,334,10,小,双
0283,5,5,5,555,15,大,单
0284,1,4,6,146,11,大,单
0285,2,2,6,226,10,小,双
0286,1,5,6,156,12,大,双
0287,1,2,6,126,9,小,单
0288,1,2,5,125,8,小,双
0289,1,2,2,122,5,小,单
0290,2,4,6,246,12,大,双
0291,2,4,6,246,12,大,双
0292,4,4,5,445,13,大,单
0293,1,3,3,133,7,小,单
0294,2,2,5,225,9,小,单
0295,1,2,4,124,7,小,单
0296,1,4,4,144,9,小,单
0297,3,4,6,346,13,大,单
0298,3,4,5,345,12,大,双
0299,4,5,6,456,15,大,单
0300,1,3,4,134,8,小,双
0301,1,2,4,124,7,小,单
0302,2,3,6,236,11,大,单
0303,2,2,3,223,7,小,单
0304,2,3,6,236,11,大,单
0305,3,4,5,345,12,大,双
0306,1,1,5,115,7,小,单
0307,1,1,1,111,3,小,单
0308,6,6,6,666,18,大,双
0309,2,3,4,234,9,小,单
0310,2,4,4,244,10,小,双
0311,1,2,2,122,5,小,单
0312,2,5,6,256,13,大,单
0313,3,5,6,356,14,大,双
0314,2,4,6,246,12,大,双
0315,1,3,5,135,9,小,单
0316,1,2,5,125,8,小,双
0317,2,2,6,226,10,小,双
0318,2,3,4,234,9,小,单
0319,1,3,6,136,10,小,双
0320,2,3,6,236,11,大,单
0321,1,3,4,134,8,小,双
0322,1,5,5,155,11,大,单
0323,1,2,4,124,7,小,单
0324,2,3,6,236,11,大,单
0325,1,3,5,135,9,小,单
0326,1,3,4,134,8,小,双
0327,3,6,6,366,15,大,单
0328,2,3,5,235,10,小,双
0329,2,5,5,255,12,大,双
0330,1,3,4,134,8,小,双
0331,2,2,6,226,10,小,双
0332,3,3,6,336,12,大,双
0333,1,2,3,123,6,小,双
0334,3,3,4,334,10,小,双
0335,1,1,4,114,6,小,双
0336,1,1,6,116,8,小,双
0337,2,4,6,246,12,大,双
0338,1,3,5,135,9,小,单
0339,1,3,6,136,10,小,双
0340,2,3,6,236,11,大,单
0341,4,6,6,466,16,大,双
0342,1,2,4,124,7,小,单
0343,1,1,2,112,4,小,双
0344,2,2,6,226,10,小,双
0345,3,3,4,334,10,小,双
0346,2,3,4,234,9,小,单
0347,1,5,5,155,11,大,单
0348,1,3,6,136,10,小,双
0349,1,4,5,145,10,小,双
0350,4,5,6,456,15,大,单
0351,2,4,4,244,10,小,双
0352,3,4,5,345,12,大,双
0353,4,5,5,455,14,大,双
0354,2,5,6,256,13,大,单
0355,2,4,5,245,11,大,单
0356,3,3,4,334,10,小,双
0357,1,3,5,135,9,小,单
0358,2,3,5,235,10,小,双
0359,3,4,6,346,13,大,单
0360,5,5,5,555,15,大,单
0361,2,3,5,235,10,小,双
0362,5,6,6,566,17,大,单
0363,2,2,5,225,9,小,单
0364,1,1,6,116,8,小,双
0365,1,2,5,125,8,小,双
0366,3,4,5,345,12,大,双
0367,2,4,5,245,11,大,单
0368,2,6,6,266,14,大,双
0369,1,1,4,114,6,小,双
0370,2,4,6,246,12,大,双
0371,1,3,4,134,8,小,双
0372,4,4,5,445,13,大,单
0373,1,3,5,135,9,小,单
0374,1,5,5,155,11,大,单
0375,1,1,2,112,4,小,双
0376,1,2,2,122,5,小,单
0377,4,4,5,445,13,大,单
0378,1,2,6,126,9,小,单
0379,1,2,4,124,7,小,单
0380,4,4,5,445,13,大,单
0381,3,3,6,336,12,大,双
0382,1,2,4,124,7,小,单
0383,2,5,6,256,13,大,单
0384,2,3,6,236,11,大,单
0385,1,6,6,166,13,大,单
0386,2,2,4,224,8,小,双
0387,2,4,5,245,11,大,单
0388,1,2,4,124,7,小,单
0389,1,1,3,113,5,小,单
0390,2,4,6,246,12,大,双
0391,5,6,6,566,17,大,单
0392,2,3,5,235,10,小,双
0393,4,6,6,466,16,大,双
0394,2,4,6,246,12,大,双
0395,2,2,4,224,8,小,双
0396,1,2,2,122,5,小,单
0397,1,2,5,125,8,小,双
0398,1,2,4,124,7,小,单
0399,2,3,5,235,10,小,双
0400,2,4,5,245,11,大,单
0401,2,2,4,224,8,小,双
0402,2,6,6,266,14,大,双
0403,2,3,5,235,10,小,双
0404,2,3,5,235,10,小,双
0405,1,3,4,134,8,小,双
0406,1,1,5,115,7,小,单
0407,3,3,5,335,11,大,单
0408,1,2,6,126,9,小,单
0409,1,4,6,146,11,大,单
0410,1,3,6,136,10,小,双
0411,1,3,4,134,8,小,双
0412,3,4,6,346,13,大,单
0413,3,5,5,355,13,大,单
0414,4,6,6,466,16,大,双
0415,1,5,6,156,12,大,双
0416,2,3,4,234,9,小,单
0417,2,4,5,245,11,大,单
0418,3,4,4,344,11,大,单
0419,3,5,5,355,13,大,单
0420,1,5,6,156,12,大,双
0421,1,3,4,134,8,小,双
0422,5,5,6,556,16,大,双
0423,3,6,6,366,15,大,单
0424,1,4,4,144,9,小,单
0425,1,2,5,125,8,小,双
0426,3,5,5,355,13,大,单
0427,1,1,6,116,8,小,双
0428,1,3,6,136,10,小,双
0429,1,3,5,135,9,小,单
0430,2,5,6,256,13,大,单
0431,1,5,5,155,11,大,单
0432,1,2,5,125,8,小,双
0433,2,4,5,245,11,大,单
0434,2,4,6,246,12,大,双
0435,2,5,6,256,13,大,单
0436,1,2,4,124,7,小,单
0437,1,1,5,115,7,小,单
0438,1,4,4,144,9,小,单
0439,2,4,6,246,12,大,双
0440,1,2,5,125,8,小,双
0441,2,4,5,245,11,大,单
0442,4,5,6,456,15,大,单
0443,1,4,5,145,10,小,双
0444,1,3,3,133,7,小,单
0445,1,4,5,145,10,小,双
0446,2,3,6,236,11,大,单
0447,2,4,5,245,11,大,单
0448,1,3,5,135,9,小,单
0449,2,4,4,244,10,小,双
0450,1,4,6,146,11,大,单
0451,4,5,5,455,14,大,双
0452,1,3,4,134,8,小,双
0453,1,2,2,122,5,小,单
0454,1,2,5,125,8,小,双
0455,3,4,5,345,12,大,双
0456,2,4,6,246,12,大,双
0457,4,4,6,446,14,大,双
0458,2,4,5,245,11,大,单
0459,1,3,4,134,8,小,双
0460,1,6,6,166,13,大,单
0461,1,5,6,156,12,大,双
0462,1,2,4,124,7,小,单
0463,1,2,4,124,7,小,单
0464,1,2,5,125,8,小,双
0465,3,4,5,345,12,大,双
0466,1,2,3,123,6,小,双
0467,1,4,5,145,10,小,双
0468,4,5,5,455,14,大,双
0469,3,3,6,336,12,大,双
0470,2,3,6,236,11,大,单
0471,1,3,5,135,9,小,单
0472,4,5,6,456,15,大,单
0473,2,3,3,233,8,小,双
0474,4,4,6,446,14,大,双
0475,1,1,5,115,7,小,单
0476,2,5,5,255,12,大,双
0477,1,1,2,112,4,小,双
0478,1,1,2,112,4,小,双
0479,1,4,5,145,10,小,双
0480,2,3,6,236,11,大,单
0481,2,3,6,236,11,大,单
0482,2,5,5,255,12,大,双
0483,2,3,4,234,9,小,单
0484,2,4,5,245,11,大,单
0485,1,3,6,136,10,小,双
0486,3,5,5,355,13,大,单
0487,3,3,6,336,12,大,双
0488,1,2,5,125,8,小,双
0489,1,3,6,136,10,小,双
0490,1,2,5,125,8,小,双
0491,1,3,4,134,8,小,双
0492,2,4,6,246,12,大,双
0493,1,3,6,136,10,小,双
0494,1,6,6,166,13,大,单
0495,1,4,5,145,10,小,双
0496,1,2,6,126,9,小,单
0497,1,3,3,133,7,小,单
0498,2,4,6,246,12,大,双
0499,4,5,6,456,15,大,单
0500,1,3,4,134,8,小,双
0501,1,1,4,114,6,小,双
0502,1,1,6,116,8,小,双
0503,3,4,5,345,12,大,双
0504,1,3,6,136,10,小,双
0505,2,5,5,255,12,大,双
0506,1,1,3,113,5,小,单
0507,1,5,6,156,12,大,双
0508,3,4,4,344,11,大,单
0509,2,2,3,223,7,小,单
0510,4,4,5,445,13,大,单
0511,3,5,6,356,14,大,双
0512,1,3,3,133,7,小,单
0513,4,4,6,446,14,大,双
0514,1,2,2,122,5,小,单
0515,4,5,6,456,15,大,单
0516,3,5,5,355,13,大,单
0517,2,3,5,235,10,小,双
0518,1,6,6,166,13,大,单
0519,2,3,6,236,11,大,单
0520,2,3,3,233,8,小,双
0521,4,4,6,446,14,大,双
0522,2,3,4,234,9,小,单
0523,1,4,6,146,11,大,单
0524,1,2,5,125,8,小,双
0525,2,4,6,246,12,大,双
0526,1,3,4,134,8,小,双
0527,2,3,6,236,11,大,单
0528,2,4,6,246,12,大,双
0529,1,3,6,136,10,小,双
0530,2,4,6,246,12,大,双
0531,1,1,5,115,7,小,单
0532,2,3,3,233,8,小,双
0533,4,4,6,446,14,大,双
0534,3,3,5,335,11,大,单
0535,4,5,6,456,15,大,单
0536,1,5,6,156,12,大,双
0537,2,6,6,266,14,大,双
0538,1,4,5,145,10,小,双
0539,3,5,6,356,14,大,双
0540,3,4,6,346,13,大,单
0541,1,2,2,122,5,小,单
0542,1,2,2,122,5,小,单
0543,1,4,5,145,10,小,双
0544,2,4,5,245,11,大,单
0545,4,6,6,466,16,大,双
0546,4,5,5,455,14,大,双
0547,1,2,4,124,7,小,单
0548,2,3,4,234,9,小,单
0549,1,5,6,156,12,大,双
0550,3,6,6,366,15,大,单
0551,2,3,6,236,11,大,单
0552,1,1,5,115,7,小,单
0553,2,5,5,255,12,大,双
0554,2,2,3,223,7,小,单
0555,3,3,6,336,12,大,双
0556,1,3,3,133,7,小,单
0557,1,4,6,146,11,大,单
0558,2,4,5,245,11,大,单
0559,2,3,3,233,8,小,双
0560,1,2,5,125,8,小,双
0561,1,3,5,135,9,小,单
0562,3,3,3,333,9,小,单
0563,5,5,6,556,16,大,双
0564,2,2,6,226,10,小,双
0565,1,3,3,133,7,小,单
0566,1,2,4,124,7,小,单
0567,2,6,6,266,14,大,双
0568,1,1,6,116,8,小,双
0569,1,3,6,136,10,小,双
0570,4,4,5,445,13,大,单
0571,1,2,6,126,9,小,单
0572,3,5,5,355,13,大,单
0573,2,4,5,245,11,大,单
0574,1,4,4,144,9,小,单
0575,1,1,5,115,7,小,单
0576,1,3,6,136,10,小,双
0577,2,4,5,245,11,大,单
0578,1,3,5,135,9,小,单
0579,2,4,6,246,12,大,双
0580,2,3,4,234,9,小,单
0581,2,5,5,255,12,大,双
0582,3,3,5,335,11,大,单
0583,2,4,4,244,10,小,双
0584,3,5,5,355,13,大,单
0585,2,3,5,235,10,小,双
0586,1,1,5,115,7,小,单
0587,1,1,4,114,6,小,双
0588,3,4,5,345,12,大,双
0589,1,1,6,116,8,小,双
0590,1,3,5,135,9,小,单
0591,2,3,6,236,11,大,单
0592,3,4,6,346,13,大,单
0593,1,4,6,146,11,大,单
0594,2,4,4,244,10,小,双
0595,1,2,4,124,7,小,单
0596,3,4,6,346,13,大,单
0597,1,2,3,123,6,小,双
0598,1,3,5,135,9,小,单
0599,1,3,4,134,8,小,双
0600,1,1,5,115,7,小,单
0601,2,3,6,236,11,大,单
0602,4,5,6,456,15,大,单
0603,2,6,6,266,14,大,双
0604,1,5,6,156,12,大,双
0605,1,1,4,114,6,小,双
0606,3,4,4,344,11,大,单
0607,3,4,6,346,13,大,单
0608,2,5,6,256,13,大,单
0609,1,2,4,124,7,小,单
0610,1,2,5,125,8,小,双
0611,2,3,5,235,10,小,双
0612,3,5,5,355,13,大,单
0613,2,3,5,235,10,小,双
0614,1,1,6,116,8,小,双
0615,3,4,5,345,12,大,双
0616,3,4,5,345,12,大,双
0617,1,2,6,126,9,小,单
0618,1,2,5,125,8,小,双
0619,4,5,6,456,15,大,单
0620,3,5,6,356,14,大,双
0621,4,4,5,445,13,大,单
0622,1,4,5,145,10,小,双
0623,1,2,3,123,6,小,双
0624,1,4,6,146,11,大,单
0625,4,4,5,445,13,大,单
0626,4,5,5,455,14,大,双
0627,3,5,6,356,14,大,双
0628,2,4,4,244,10,小,双
0629,1,3,3,133,7,小,单
0630,3,3,4,334,10,小,双
0631,2,3,5,235,10,小,双
0632,2,3,6,236,11,大,单
0633,1,2,3,123,6,小,双
0634,1,2,5,125,8,小,双
0635,1,1,2,112,4,小,双
0636,4,5,6,456,15,大,单
0637,2,5,6,256,13,大,单
0638,1,1,1,111,3,小,单
0639,1,3,5,135,9,小,单
0640,2,3,4,234,9,小,单
0641,5,5,5,555,15,大,单
0642,1,5,6,156,12,大,双
0643,2,5,6,256,13,大,单
0644,3,5,6,356,14,大,双
0645,1,2,2,122,5,小,单
0646,1,4,5,145,10,小,双
0647,1,2,3,123,6,小,双
0648,2,4,6,246,12,大,双
0649,3,5,5,355,13,大,单
0650,1,3,5,135,9,小,单
0651,1,1,4,114,6,小,双
0652,3,6,6,366,15,大,单
0653,5,5,6,556,16,大,双
0654,1,2,5,125,8,小,双
0655,2,2,3,223,7,小,单
0656,2,2,5,225,9,小,单
0657,1,3,5,135,9,小,单
0658,3,4,6,346,13,大,单
0659,1,3,6,136,10,小,双
0660,1,6,6,166,13,大,单
0661,1,4,6,146,11,大,单
0662,1,3,4,134,8,小,双
0663,1,3,4,134,8,小,双
0664,2,5,6,256,13,大,单
0665,1,2,2,122,5,小,单
0666,2,2,5,225,9,小,单
0667,2,2,4,224,8,小,双
0668,3,3,5,335,11,大,单
0669,2,2,5,225,9,小,单
0670,2,2,4,224,8,小,双
0671,1,4,6,146,11,大,单
0672,1,4,4,144,9,小,单
0673,2,5,6,256,13,大,单
0674,4,4,5,445,13,大,单
0675,3,5,6,356,14,大,双
0676,2,4,5,245,11,大,单
0677,1,4,5,145,10,小,双
0678,1,3,6,136,10,小,双
0679,5,6,6,566,17,大,单
0680,1,2,6,126,9,小,单
0681,3,5,6,356,14,大,双
0682,2,3,4,234,9,小,单
0683,5,6,6,566,17,大,单
0684,1,2,4,124,7,小,单
0685,1,4,5,145,10,小,双
0686,1,1,3,113,5,小,单
0687,1,1,5,115,7,小,单
0688,1,5,6,156,12,大,双
0689,2,4,4,244,10,小,双
0690,4,4,6,446,14,大,双
0691,1,2,6,126,9,小,单
0692,2,3,5,235,10,小,双
0693,2,2,5,225,9,小,单
0694,1,4,6,146,11,大,单
0695,3,6,6,366,15,大,单
0696,2,4,6,246,12,大,双
0697,1,1,3,113,5,小,单
0698,1,1,4,114,6,小,双
0699,1,3,4,134,8,小,双
0700,2,4,6,246,12,大,双
0701,1,5,6,156,12,大,双
0702,3,4,4,344,11,大,单
0703,1,2,4,124,7,小,单
0704,1,3,4,134,8,小,双
0705,1,1,3,113,5,小,单
0706,1,4,5,145,10,小,双
0707,3,3,5,335,11,大,单
0708,3,5,5,355,13,大,单
0709,3,4,4,344,11,大,单
0710,4,4,6,446,14,大,双
0711,2,3,3,233,8,小,双
0712,3,4,6,346,13,大,单
0713,2,2,4,224,8,小,双
0714,2,3,5,235,10,小,双
0715,1,4,6,146,11,大,单
0716,2,5,5,255,12,大,双
0717,2,4,5,245,11,大,单
0718,1,3,5,135,9,小,单
0719,4,4,5,445,13,大,单
0720,2,3,6,236,11,大,单
0721,3,5,6,356,14,大,双
0722,2,6,6,266,14,大,双
0723,5,6,6,566,17,大,单
0724,3,4,4,344,11,大,单
0725,2,2,3,223,7,小,单
0726,1,1,6,116,8,小,双
0727,1,3,3,133,7,小,单
0728,1,3,5,135,9,小,单
0729,3,3,5,335,11,大,单
0730,1,2,3,123,6,小,双
0731,1,1,6,116,8,小,双
0732,2,5,6,256,13,大,单
0733,1,5,6,156,12,大,双
0734,1,2,6,126,9,小,单
0735,1,4,5,145,10,小,双
0736,2,5,6,256,13,大,单
0737,3,3,4,334,10,小,双
0738,3,5,5,355,13,大,单
0739,3,3,4,334,10,小,双
0740,1,2,3,123,6,小,双
0741,2,4,5,245,11,大,单
0742,4,4,6,446,14,大,双
0743,2,2,6,226,10,小,双
0744,1,1,2,112,4,小,双
0745,3,4,5,345,12,大,双
0746,1,4,5,145,10,小,双
0747,3,3,5,335,11,大,单
0748,2,3,4,234,9,小,单
0749,2,2,6,226,10,小,双
0750,2,3,5,235,10,小,双
0751,5,5,6,556,16,大,双
0752,2,2,3,223,7,小,单
0753,5,5,5,555,15,大,单
0754,4,4,6,446,14,大,双
0755,1,2,6,126,9,小,单
0756,2,2,4,224,8,小,双
0757,2,3,6,236,11,大,单
0758,3,3,6,336,12,大,双
0759,3,4,4,344,11,大,单
0760,1,4,6,146,11,大,单
0761,3,4,6,346,13,大,单
0762,4,5,6,456,15,大,单
0763,4,5,5,455,14,大,双
0764,1,4,4,144,9,小,单
0765,1,3,6,136,10,小,双
0766,1,4,4,144,9,小,单
0767,1,2,4,124,7,小,单
0768,2,4,5,245,11,大,单
0769,1,3,6,136,10,小,双
0770,2,3,5,235,10,小,双
0771,3,4,5,345,12,大,双
0772,3,3,5,335,11,大,单
0773,3,5,5,355,13,大,单
0774,1,2,5,125,8,小,双
0775,3,4,5,345,12,大,双
0776,4,5,6,456,15,大,单
0777,1,5,6,156,12,大,双
0778,2,2,4,224,8,小,双
0779,1,4,5,145,10,小,双
0780,1,4,4,144,9,小,单
0781,2,2,3,223,7,小,单
0782,1,3,4,134,8,小,双
0783,2,2,2,222,6,小,双
0784,2,6,6,266,14,大,双
0785,1,4,4,144,9,小,单
0786,1,6,6,166,13,大,单
0787,1,3,5,135,9,小,单
0788,1,4,5,145,10,小,双
0789,1,3,6,136,10,小,双
0790,2,2,4,224,8,小,双
0791,2,3,5,235,10,小,双
0792,1,5,6,156,12,大,双
0793,2,5,5,255,12,大,双
0794,1,2,3,123,6,小,双
0795,1,4,6,146,11,大,单
0796,1,3,4,134,8,小,双
0797,1,6,6,166,13,大,单
0798,2,3,4,234,9,小,单
0799,1,6,6,166,13,大,单
0800,1,2,2,122,5,小,单
0801,3,3,4,334,10,小,双
0802,2,5,6,256,13,大,单
0803,4,4,6,446,14,大,双
0804,1,5,5,155,11,大,单
0805,1,1,6,116,8,小,双
0806,3,4,6,346,13,大,单
0807,1,3,4,134,8,小,双
0808,2,3,5,235,10,小,双
0809,2,2,4,224,8,小,双
0810,4,5,6,456,15,大,单
0811,4,6,6,466,16,大,双
0812,1,2,3,123,6,小,双
0813,3,4,5,345,12,大,双
0814,1,2,2,122,5,小,单
0815,1,2,3,123,6,小,双
0816,1,1,6,116,8,小,双
0817,3,3,5,335,11,大,单
0818,2,3,5,235,10,小,双
0819,5,5,6,556,16,大,双
0820,2,3,5,235,10,小,双
0821,3,4,6,346,13,大,单
0822,2,2,5,225,9,小,单
0823,4,4,6,446,14,大,双
0824,1,4,6,146,11,大,单
0825,1,1,4,114,6,小,双
0826,1,6,6,166,13,大,单
0827,3,4,6,346,13,大,单
0828,1,3,3,133,7,小,单
0829,3,5,6,356,14,大,双
0830,1,3,4,134,8,小,双
0831,3,6,6,366,15,大,单
0832,1,5,6,156,12,大,双
0833,2,3,4,234,9,小,单
0834,2,3,4,234,9,小,单
0835,1,1,3,113,5,小,单
0836,2,6,6,266,14,大,双
0837,2,2,3,223,7,小,单
0838,1,3,3,133,7,小,单
0839,1,2,2,122,5,小,单
0840,2,4,5,245,11,大,单
0841,3,5,6,356,14,大,双
0842,4,5,6,456,15,大,单
0843,1,2,4,124,7,小,单
0844,1,4,6,146,11,大,单
0845,3,5,6,356,14,大,双
0846,2,4,5,245,11,大,单
0847,2,3,5,235,10,小,双
0848,2,3,6,236,11,大,单
0849,1,3,4,134,8,小,双
0850,2,4,6,246,12,大,双
0851,2,2,6,226,10,小,双
0852,1,2,4,124,7,小,单
0853,1,5,6,156,12,大,双
0854,2,5,6,256,13,大,单
0855,3,5,6,356,14,大,双
0856,2,3,4,234,9,小,单
0857,3,4,4,344,11,大,单
0858,1,3,3,133,7,小,单
0859,1,4,6,146,11,大,单
0860,1,1,6,116,8,小,双
0861,3,4,6,346,13,大,单
0862,1,1,6,116,8,小,双
0863,1,3,5,135,9,小,单
0864,1,2,5,125,8,小,双
0865,1,4,5,145,10,小,双
0866,3,4,6,346,13,大,单
0867,2,2,4,224,8,小,双
0868,1,2,6,126,9,小,单
0869,4,5,6,456,15,大,单
0870,3,4,5,345,12,大,双
0871,4,4,5,445,13,大,单
0872,1,2,6,126,9,小,单
0873,2,2,4,224,8,小,双
0874,1,2,3,123,6,小,双
0875,1,2,3,123,6,小,双
0876,3,3,5,335,11,大,单
0877,1,3,5,135,9,小,单
0878,1,3,5,135,9,小,单
0879,3,3,6,336,12,大,双
0880,1,2,2,122,5,小,单
0881,2,2,3,223,7,小,单
0882,4,4,5,445,13,大,单
0883,2,2,6,226,10,小,双
0884,1,2,3,123,6,小,双
0885,1,4,5,145,10,小,双
0886,1,5,5,155,11,大,单
0887,2,2,2,222,6,小,双
0888,2,5,6,256,13,大,单
0889,4,5,6,456,15,大,单
0890,4,5,6,456,15,大,单
0891,1,1,6,116,8,小,双
0892,3,5,5,355,13,大,单
0893,1,2,3,123,6,小,双
0894,1,3,5,135,9,小,单
0895,2,3,4,234,9,小,单
0896,3,5,6,356,14,大,双
0897,1,4,5,145,10,小,双
0898,3,3,4,334,10,小,双
0899,1,6,6,166,13,大,单
0900,2,4,6,246,12,大,双
0901,3,4,6,346,13,大,单
0902,4,4,5,445,13,大,单
0903,1,1,5,115,7,小,单
0904,1,2,4,124,7,小,单
0905,1,5,5,155,11,大,单
0906,1,1,3,113,5,小,单
0907,2,4,5,245,11,大,单
0908,4,4,5,445,13,大,单
0909,1,4,4,144,9,小,单
0910,3,4,5,345,12,大,双
0911,1,5,6,156,12,大,双
0912,1,3,4,134,8,小,双
0913,1,5,5,155,11,大,单
0914,3,4,4,344,11,大,单
0915,5,5,6,556,16,大,双
0916,2,4,6,246,12,大,双
0917,1,1,5,115,7,小,单
0918,4,4,5,445,13,大,单
0919,6,6,6,666,18,大,双
0920,2,5,6,256,13,大,单
0921,1,1,3,113,5,小,单
0922,1,2,4,124,7,小,单
0923,1,3,4,134,8,小,双
0924,1,4,5,145,10,小,双
0925,5,5,6,556,16,大,双
0926,3,5,6,356,14,大,双
0927,2,2,4,224,8,小,双
0928,2,5,6,256,13,大,单
0929,3,4,4,344,11,大,单
0930,3,4,5,345,12,大,双
0931,2,2,4,224,8,小,双
0932,3,3,4,334,10,小,双
0933,2,4,6,246,12,大,双
0934,1,3,4,134,8,小,双
0935,2,2,6,226,10,小,双
0936,2,4,4,244,10,小,双
0937,2,2,3,223,7,小,单
0938,1,2,2,122,5,小,单
0939,3,4,5,345,12,大,双
0940,3,4,6,346,13,大,单
0941,2,2,3,223,7,小,单
0942,2,4,6,246,12,大,双
0943,2,4,6,246,12,大,双
0944,1,2,3,123,6,小,双
0945,4,4,4,444,12,大,双
0946,4,5,5,455,14,大,双
0947,3,5,6,356,14,大,双
0948,1,2,3,123,6,小,双
0949,1,4,5,145,10,小,双
0950,1,5,6,156,12,大,双
0951,1,5,5,155,11,大,单
0952,1,2,3,123,6,小,双
0953,2,5,6,256,13,大,单
0954,2,4,5,245,11,大,单
0955,1,4,6,146,11,大,单
0956,3,3,3,333,9,小,单
0957,2,2,3,223,7,小,单
0958,2,3,5,235,10,小,双
0959,1,5,5,155,11,大,单
0960,1,1,5,115,7,小,单
0961,1,2,6,126,9,小,单
0962,1,2,3,123,6,小,双
0963,3,5,6,356,14,大,双
0964,4,4,5,445,13,大,单
0965,3,4,5,345,12,大,双
0966,5,5,6,556,16,大,双
0967,1,1,2,112,4,小,双
0968,2,3,5,235,10,小,双
0969,3,4,6,346,13,大,单
0970,2,4,4,244,10,小,双
0971,3,4,5,345,12,大,双
0972,2,2,2,222,6,小,双
0973,4,6,6,466,16,大,双
0974,1,3,6,136,10,小,双
0975,3,4,5,345,12,大,双
0976,1,4,6,146,11,大,单
0977,2,2,4,224,8,小,双
0978,1,4,4,144,9,小,单
0979,3,3,6,336,12,大,双
0980,4,5,6,456,15,大,单
0981,1,4,6,146,11,大,单
0982,3,5,6,356,14,大,双
0983,2,3,6,236,11,大,单
0984,4,5,6,456,15,大,单
0985,2,4,5,245,11,大,单
0986,1,3,6,136,10,小,双
0987,2,3,4,234,9,小,单
0988,2,5,6,256,13,大,单
0989,2,5,6,256,13,大,单
0990,1,4,4,144,9,小,单
0991,2,4,5,245,11,大,单
0992,1,5,5,155,11,大,单
0993,1,1,6,116,8,小,双
0994,1,1,2,112,4,小,双
0995,1,2,5,125,8,小,双
0996,1,3,4,134,8,小,双
0997,1,3,5,135,9,小,单
0998,5,6,6,566,17,大,单
0999,3,5,6,356,14,大,双
1000,1,6,6,166,13,大,单
1001,1,2,6,126,9,小,单
1002,1,3,5,135,9,小,单
1003,2,4,6,246,12,大,双
1004,1,1,6,116,8,小,双
1005,6,6,6,666,18,大,双
1006,1,4,6,146,11,大,单
1007,2,3,3,233,8,小,双
1008,3,4,6,346,13,大,单
1009,2,3,6,236,11,大,单
1010,1,2,4,124,7,小,单
1011,2,2,6,226,10,小,双
1012,3,6,6,366,15,大,单
1013,1,5,6,156,12,大,双
1014,5,5,6,556,16,大,双
1015,2,4,6,246,12,大,双
1016,2,5,6,256,13,大,单
1017,2,5,6,256,13,大,单
1018,5,6,6,566,17,大,单
1019,1,5,5,155,11,大,单
1020,2,3,6,236,11,大,单
1021,1,1,5,115,7,小,单
1022,2,3,4,234,9,小,单
1023,5,6,6,566,17,大,单
1024,1,4,6,146,11,大,单
1025,1,4,5,145,10,小,双
1026,2,5,6,256,13,大,单
1027,3,6,6,366,15,大,单
1028,2,2,6,226,10,小,双
1029,1,5,6,156,12,大,双
1030,2,3,6,236,11,大,单
1031,1,3,6,136,10,小,双
1032,1,2,5,125,8,小,双
1033,2,6,6,266,14,大,双
1034,1,3,5,135,9,小,单
1035,1,2,6,126,9,小,单
1036,5,6,6,566,17,大,单
1037,3,3,6,336,12,大,双
1038,2,5,6,256,13,大,单
1039,1,3,6,136,10,小,双
1040,1,1,3,113,5,小,单
1041,3,5,6,356,14,大,双
1042,2,2,5,225,9,小,单
1043,3,4,6,346,13,大,单
1044,1,3,6,136,10,小,双
1045,3,4,6,346,13,大,单
1046,1,3,4,134,8,小,双
1047,2,3,5,235,10,小,双
1048,1,3,3,133,7,小,单
1049,1,2,3,123,6,小,双
1050,1,1,4,114,6,小,双
1051,2,3,6,236,11,大,单
1052,1,2,4,124,7,小,单
1053,2,3,4,234,9,小,单
1054,3,4,4,344,11,大,单
1055,2,3,5,235,10,小,双
1056,3,6,6,366,15,大,单
1057,1,1,4,114,6,小,双
1058,1,1,6,116,8,小,双
1059,1,1,4,114,6,小,双
1060,2,6,6,266,14,大,双
1061,1,2,6,126,9,小,单
1062,5,6,6,566,17,大,单
1063,3,3,4,334,10,小,双
1064,2,4,5,245,11,大,单
1065,1,4,5,145,10,小,双
1066,2,3,5,235,10,小,双
1067,2,5,6,256,13,大,单
1068,2,4,5,245,11,大,单
1069,3,4,6,346,13,大,单
1070,4,4,6,446,14,大,双
1071,3,3,5,335,11,大,单
1072,4,5,5,455,14,大,双
1073,1,3,3,133,7,小,单
1074,3,3,6,336,12,大,双
1075,1,2,4,124,7,小,单
1076,4,6,6,466,16,大,双
1077,4,6,6,466,16,大,双
1078,3,4,6,346,13,大,单
1079,1,5,5,155,11,大,单
1080,2,3,4,234,9,小,单
1081,4,4,6,446,14,大,双
1082,2,4,4,244,10,小,双
1083,3,4,6,346,13,大,单
1084,2,5,6,256,13,大,单
1085,1,4,4,144,9,小,单
1086,1,3,5,135,9,小,单
1087,1,2,3,123,6,小,双
1088,1,2,5,125,8,小,双
1089,1,1,6,116,8,小,双
1090,1,1,4,114,6,小,双
1091,1,1,6,116,8,小,双
1092,1,5,5,155,11,大,单
1093,2,4,6,246,12,大,双
1094,2,2,6,226,10,小,双
1095,3,4,5,345,12,大,双
1096,1,6,6,166,13,大,单
1097,1,5,6,156,12,大,双
1098,1,2,2,122,5,小,单
1099,2,6,6,266,14,大,双
1100,2,4,6,246,12,大,双
1101,4,4,6,446,14,大,双
1102,1,2,6,126,9,小,单
1103,1,4,5,145,10,小,双
1104,2,4,5,245,11,大,单
1105,1,3,5,135,9,小,单
1106,2,3,4,234,9,小,单
1107,2,3,6,236,11,大,单
1108,2,2,5,225,9,小,单
1109,1,5,6,156,12,大,双
1110,1,4,6,146,11,大,单
1111,3,4,6,346,13,大,单
1112,1,2,4,124,7,小,单
1113,4,5,6,456,15,大,单
1114,1,2,5,125,8,小,双
1115,4,4,5,445,13,大,单
1116,2,3,6,236,11,大,单
1117,1,4,6,146,11,大,单
1118,3,4,5,345,12,大,双
1119,1,2,6,126,9,小,单
1120,5,5,6,556,16,大,双
1121,1,3,5,135,9,小,单
1122,3,3,6,336,12,大,双
1123,3,4,5,345,12,大,双
1124,3,4,5,345,12,大,双
1125,3,3,4,334,10,小,双
1126,5,5,6,556,16,大,双
1127,1,2,4,124,7,小,单
1128,1,1,3,113,5,小,单
1129,3,4,5,345,12,大,双
1130,4,6,6,466,16,大,双
1131,3,4,4,344,11,大,单
1132,3,4,5,345,12,大,双
1133,5,6,6,566,17,大,单
1134,1,4,5,145,10,小,双
1135,3,3,5,335,11,大,单
1136,1,4,4,144,9,小,单
1137,1,2,3,123,6,小,双
1138,3,4,5,345,12,大,双
1139,4,5,6,456,15,大,单
1140,2,2,5,225,9,小,单
1141,1,2,6,126,9,小,单
1142,1,2,3,123,6,小,双
1143,1,4,4,144,9,小,单
1144,2,3,5,235,10,小,双
1145,2,5,5,255,12,大,双
1146,4,5,6,456,15,大,单
1147,1,4,6,146,11,大,单
1148,1,5,6,156,12,大,双
1149,4,5,6,456,15,大,单
1150,1,5,6,156,12,大,双
1151,1,5,5,155,11,大,单
1152,3,3,6,336,12,大,双
1153,1,3,6,136,10,小,双
1154,4,6,6,466,16,大,双
1155,3,4,5,345,12,大,双
1156,2,3,5,235,10,小,双
1157,3,3,6,336,12,大,双
1158,2,6,6,266,14,大,双
1159,1,5,5,155,11,大,单
1160,1,6,6,166,13,大,单
1161,1,2,4,124,7,小,单
1162,1,2,5,125,8,小,双
1163,1,2,6,126,9,小,单
1164,1,2,4,124,7,小,单
1165,1,1,1,111,3,小,单
1166,2,3,4,234,9,小,单
1167,2,2,3,223,7,小,单
1168,3,4,6,346,13,大,单
1169,2,4,4,244,10,小,双
1170,2,4,4,244,10,小,双
1171,2,3,5,235,10,小,双
1172,2,5,5,255,12,大,双
1173,1,3,6,136,10,小,双
1174,1,3,6,136,10,小,双
1175,1,3,6,136,10,小,双
1176,1,3,5,135,9,小,单
1177,1,4,4,144,9,小,单
1178,4,4,5,445,13,大,单
1179,5,6,6,566,17,大,单
1180,4,6,6,466,16,大,双
1181,2,4,4,244,10,小,双
1182,3,5,6,356,14,大,双
1183,2,2,6,226,10,小,双
1184,5,5,6,556,16,大,双
1185,3,3,3,333,9,小,单
1186,2,4,4,244,10,小,双
1187,1,1,3,113,5,小,单
1188,2,4,6,246,12,大,双
1189,1,2,6,126,9,小,单
1190,1,4,5,145,10,小,双
1191,3,4,5,345,12,大,双
1192,2,6,6,266,14,大,双
1193,1,4,5,145,10,小,双
1194,2,2,6,226,10,小,双
1195,1,2,5,125,8,小,双
1196,1,2,3,123,6,小,双
1197,2,5,5,255,12,大,双
1198,5,5,6,556,16,大,双
1199,1,5,6,156,12,大,双
1200,3,3,6,336,12,大,双
1201,2,3,3,233,8,小,双
1202,2,2,5,225,9,小,单
1203,3,3,4,334,10,小,双
1204,1,2,4,124,7,小,单
1205,1,1,4,114,6,小,双
1206,2,3,4,234,9,小,单
1207,1,3,4,134,8,小,双
1208,3,4,6,346,13,大,单
1209,3,4,5,345,12,大,双
1210,3,3,5,335,11,大,单
1211,1,3,6,136,10,小,双
1212,2,4,5,245,11,大,单
1213,2,3,5,235,10,小,双
1214,4,4,5,445,13,大,单
1215,2,3,3,233,8,小,双
1216,2,5,5,255,12,大,双
1217,3,3,4,334,10,小,双
1218,3,4,4,344,11,大,单
1219,3,3,6,336,12,大,双
1220,3,4,6,346,13,大,单
1221,1,6,6,166,13,大,单
1222,1,2,2,122,5,小,单
1223,1,5,6,156,12,大,双
1224,2,2,4,224,8,小,双
1225,1,4,5,145,10,小,双
1226,1,2,4,124,7,小,单
1227,2,3,4,234,9,小,单
1228,1,6,6,166,13,大,单
1229,4,5,6,456,15,大,单
1230,2,3,6,236,11,大,单
1231,5,6,6,566,17,大,单
1232,1,2,6,126,9,小,单
1233,1,3,6,136,10,小,双
1234,2,3,4,234,9,小,单
1235,2,3,6,236,11,大,单
1236,1,1,5,115,7,小,单
1237,3,4,5,345,12,大,双
1238,2,5,6,256,13,大,单
1239,4,5,5,455,14,大,双
1240,1,3,3,133,7,小,单
1241,2,3,6,236,11,大,单
1242,2,6,6,266,14,大,双
1243,2,5,5,255,12,大,双
1244,2,3,4,234,9,小,单
1245,1,5,6,156,12,大,双
1246,1,1,6,116,8,小,双
1247,1,5,6,156,12,大,双
1248,1,2,2,122,5,小,单
1249,1,2,5,125,8,小,双
1250,1,1,6,116,8,小,双
1251,1,2,3,123,6,小,双
1252,5,5,6,556,16,大,双
1253,2,2,5,225,9,小,单
1254,2,4,5,245,11,大,单
1255,2,4,4,244,10,小,双
1256,5,6,6,566,17,大,单
1257,4,5,5,455,14,大,双
1258,2,3,6,236,11,大,单
1259,1,2,4,124,7,小,单
1260,3,3,5,335,11,大,单
1261,2,2,5,225,9,小,单
1262,1,4,6,146,11,大,单
1263,4,4,6,446,14,大,双
1264,2,3,5,235,10,小,双
1265,1,5,5,155,11,大,单
1266,5,6,6,566,17,大,单
1267,2,3,5,235,10,小,双
1268,2,2,2,222,6,小,双
1269,3,4,5,345,12,大,双
1270,2,4,5,245,11,大,单
1271,1,2,5,125,8,小,双
1272,1,2,3,123,6,小,双
1273,1,2,6,126,9,小,单
1274,2,3,6,236,11,大,单
1275,2,3,4,234,9,小,单
1276,1,2,5,125,8,小,双
1277,1,2,2,122,5,小,单
1278,2,3,3,233,8,小,双
1279,1,2,3,123,6,小,双
1280,1,3,6,136,10,小,双
1281,1,1,3,113,5,小,单
1282,4,4,6,446,14,大,双
1283,2,2,2,222,6,小,双
1284,2,3,5,235,10,小,双
1285,2,2,2,222,6,小,双
1286,2,4,5,245,11,大,单
1287,1,3,3,133,7,小,单
1288,3,3,4,334,10,小,双
1289,2,3,5,235,10,小,双
1290,1,4,6,146,11,大,单
1291,2,4,4,244,10,小,双
1292,2,4,5,245,11,大,单
1293,4,5,5,455,14,大,双
1294,2,2,3,223,7,小,单
1295,1,3,5,135,9,小,单
1296,4,5,6,456,15,大,单
1297,2,3,5,235,10,小,双
1298,1,4,6,146,11,大,单
1299,1,1,3,113,5,小,单
1300,1,4,5,145,10,小,双
1301,1,1,2,112,4,小,双
1302,3,6,6,366,15,大,单
1303,1,3,4,134,8,小,双
1304,2,6,6,266,14,大,双
1305,2,3,5,235,10,小,双
1306,1,2,4,124,7,小,单
1307,1,3,4,134,8,小,双
1308,3,6,6,366,15,大,单
1309,1,3,6,136,10,小,双
1310,2,4,5,245,11,大,单
1311,3,4,5,345,12,大,双
1312,3,6,6,366,15,大,单
1313,1,6,6,166,13,大,单
1314,3,3,5,335,11,大,单
1315,2,4,4,244,10,小,双
1316,2,3,6,236,11,大,单
1317,1,2,3,123,6,小,双
1318,2,5,6,256,13,大,单
1319,1,1,6,116,8,小,双
1320,2,5,5,255,12,大,双
1321,2,4,6,246,12,大,双
1322,1,4,6,146,11,大,单
1323,1,3,6,136,10,小,双
1324,4,5,6,456,15,大,单
1325,1,2,4,124,7,小,单
1326,4,5,5,455,14,大,双
1327,3,4,6,346,13,大,单
1328,1,3,5,135,9,小,单
1329,1,2,5,125,8,小,双
1330,1,3,6,136,10,小,双
1331,2,3,4,234,9,小,单
1332,1,3,4,134,8,小,双
1333,3,5,6,356,14,大,双
1334,3,3,5,335,11,大,单
1335,2,3,4,234,9,小,单
1336,1,2,5,125,8,小,双
1337,3,4,5,345,12,大,双
1338,2,3,6,236,11,大,单
1339,1,2,4,124,7,小,单
1340,1,3,4,134,8,小,双
1341,6,6,6,666,18,大,双
1342,1,4,4,144,9,小,单
1343,3,5,5,355,13,大,单
1344,3,5,5,355,13,大,单
1345,2,6,6,266,14,大,双
1346,1,3,6,136,10,小,双
1347,3,4,5,345,12,大,双
1348,4,5,6,456,15,大,单
1349,1,2,4,124,7,小,单
1350,2,2,6,226,10,小,双
1351,1,1,1,111,3,小,单
1352,1,5,5,155,11,大,单
1353,1,3,4,134,8,小,双
1354,4,5,6,456,15,大,单
1355,3,5,6,356,14,大,双
1356,2,3,4,234,9,小,单
1357,1,4,6,146,11,大,单
1358,1,2,5,125,8,小,双
1359,3,3,3,333,9,小,单
1360,3,4,5,345,12,大,双
1361,2,5,6,256,13,大,单
1362,2,3,5,235,10,小,双
1363,4,4,4,444,12,大,双
1364,1,4,5,145,10,小,双
1365,1,2,5,125,8,小,双
1366,1,2,4,124,7,小,单
1367,2,4,6,246,12,大,双
1368,1,2,2,122,5,小,单
1369,1,2,5,125,8,小,双
1370,2,4,6,246,12,大,双
1371,2,2,5,225,9,小,单
1372,3,5,6,356,14,大,双
1373,2,2,5,225,9,小,单
1374,1,2,4,124,7,小,单
1375,2,5,6,256,13,大,单
1376,3,4,5,345,12,大,双
1377,3,6,6,366,15,大,单
1378,2,4,6,246,12,大,双
1379,1,2,3,123,6,小,双
1380,1,5,5,155,11,大,单
1381,2,5,6,256,13,大,单
1382,3,4,6,346,13,大,单
1383,3,4,6,346,13,大,单
1384,1,3,6,136,10,小,双
1385,1,1,5,115,7,小,单
1386,3,3,5,335,11,大,单
1387,3,3,4,334,10,小,双
1388,2,5,6,256,13,大,单
1389,3,3,4,334,10,小,双
1390,1,2,4,124,7,小,单
1391,3,6,6,366,15,大,单
1392,3,4,5,345,12,大,双
1393,1,1,3,113,5,小,单
1394,3,4,4,344,11,大,单
1395,3,5,6,356,14,大,双
1396,1,2,5,125,8,小,双
1397,4,5,6,456,15,大,单
1398,3,3,5,335,11,大,单
1399,2,3,4,234,9,小,单
1400,1,1,5,115,7,小,单
1401,1,3,5,135,9,小,单
1402,1,2,5,125,8,小,双
1403,4,4,5,445,13,大,单
1404,2,3,4,234,9,小,单
1405,2,2,6,226,10,小,双
1406,3,5,6,356,14,大,双
1407,5,5,6,556,16,大,双
1408,1,6,6,166,13,大,单
1409,3,4,5,345,12,大,双
1410,2,2,6,226,10,小,双
1411,3,5,5,355,13,大,单
1412,2,4,4,244,10,小,双
1413,1,4,5,145,10,小,双
1414,4,5,6,456,15,大,单
1415,1,6,6,166,13,大,单
1416,3,5,6,356,14,大,双
1417,1,3,4,134,8,小,双
1418,2,2,5,225,9,小,单
1419,4,5,6,456,15,大,单
1420,1,4,6,146,11,大,单
1421,4,5,5,455,14,大,双
1422,1,3,5,135,9,小,单
1423,2,2,3,223,7,小,单
1424,1,1,2,112,4,小,双
1425,1,2,4,124,7,小,单
1426,4,5,6,456,15,大,单
1427,2,2,6,226,10,小,双
1428,4,5,6,456,15,大,单
1429,2,4,6,246,12,大,双
1430,3,4,5,345,12,大,双
1431,1,1,5,115,7,小,单
1432,1,2,6,126,9,小,单
1433,2,4,4,244,10,小,双
1434,4,6,6,466,16,大,双
1435,4,5,5,455,14,大,双
1436,1,3,6,136,10,小,双
1437,1,4,4,144,9,小,单
1438,1,1,4,114,6,小,双
1439,2,3,5,235,10,小,双
1440,1,3,5,135,9,小,单
0001,2,2,4,224,8,小,双
0002,1,2,6,126,9,小,单
0003,4,4,5,445,13,大,单
0004,1,4,4,144,9,小,单
0005,2,4,6,246,12,大,双
0006,2,3,3,233,8,小,双
0007,1,4,5,145,10,小,双
0008,4,6,6,466,16,大,双
0009,1,3,3,133,7,小,单
0010,1,3,5,135,9,小,单
0011,2,3,4,234,9,小,单
0012,1,1,6,116,8,小,双
0013,3,4,5,345,12,大,双
0014,1,1,3,113,5,小,单
0015,1,1,5,115,7,小,单
0016,2,3,5,235,10,小,双
0017,2,2,6,226,10,小,双
0018,1,1,3,113,5,小,单
0019,2,4,4,244,10,小,双
0020,1,1,3,113,5,小,单
0021,2,2,3,223,7,小,单
0022,1,1,3,113,5,小,单
0023,3,6,6,366,15,大,单
0024,3,3,5,335,11,大,单
0025,1,2,4,124,7,小,单
0026,1,4,5,145,10,小,双
0027,1,2,4,124,7,小,单
0028,2,2,3,223,7,小,单
0029,4,5,5,455,14,大,双
0030,4,4,6,446,14,大,双
0031,1,4,5,145,10,小,双
0032,2,5,5,255,12,大,双
0033,2,5,6,256,13,大,单
0034,1,1,6,116,8,小,双
0035,2,3,4,234,9,小,单
0036,5,6,6,566,17,大,单
0037,5,6,6,566,17,大,单
0038,2,4,4,244,10,小,双
0039,2,3,4,234,9,小,单
0040,3,6,6,366,15,大,单
0041,1,1,6,116,8,小,双
0042,2,2,5,225,9,小,单
0043,2,6,6,266,14,大,双
0044,2,3,4,234,9,小,单
0045,1,2,3,123,6,小,双
0046,3,5,6,356,14,大,双
0047,1,2,3,123,6,小,双
0048,1,3,5,135,9,小,单
0049,2,4,6,246,12,大,双
0050,1,1,4,114,6,小,双
0051,2,3,6,236,11,大,单
0052,1,2,5,125,8,小,双
0053,1,3,4,134,8,小,双
0054,1,3,3,133,7,小,单
0055,2,3,6,236,11,大,单
0056,1,3,6,136,10,小,双
0057,3,4,6,346,13,大,单
0058,1,6,6,166,13,大,单
0059,1,2,5,125,8,小,双
0060,1,3,3,133,7,小,单
0061,3,4,4,344,11,大,单
0062,1,3,5,135,9,小,单
0063,4,5,6,456,15,大,单
0064,3,3,5,335,11,大,单
0065,3,5,6,356,14,大,双
0066,2,2,5,225,9,小,单
0067,3,3,6,336,12,大,双
0068,4,5,5,455,14,大,双
0069,4,6,6,466,16,大,双
0070,1,2,4,124,7,小,单
0071,1,1,5,115,7,小,单
0072,3,3,3,333,9,小,单
0073,3,5,6,356,14,大,双
0074,5,6,6,566,17,大,单
0075,1,4,6,146,11,大,单
0076,4,4,5,445,13,大,单
0077,1,2,4,124,7,小,单
0078,1,5,6,156,12,大,双
0079,2,3,6,236,11,大,单
0080,4,6,6,466,16,大,双
0081,4,5,6,456,15,大,单
0082,1,5,6,156,12,大,双
0083,1,3,6,136,10,小,双
0084,3,5,6,356,14,大,双
0085,1,1,6,116,8,小,双
0086,1,1,6,116,8,小,双
0087,2,5,6,256,13,大,单
0088,2,2,4,224,8,小,双
0089,4,4,5,445,13,大,单
0090,1,1,5,115,7,小,单
0091,1,2,4,124,7,小,单
0092,1,3,3,133,7,小,单
0093,1,1,3,113,5,小,单
0094,1,3,5,135,9,小,单
0095,3,5,5,355,13,大,单
0096,1,5,5,155,11,大,单
0097,2,4,4,244,10,小,双
0098,3,5,6,356,14,大,双
0099,1,4,6,146,11,大,单
0100,4,6,6,466,16,大,双
0101,2,2,3,223,7,小,单
0102,2,3,6,236,11,大,单
0103,1,2,4,124,7,小,单
0104,1,3,4,134,8,小,双
0105,2,4,4,244,10,小,双
0106,2,2,6,226,10,小,双
0107,2,4,5,245,11,大,单
0108,4,4,6,446,14,大,双
0109,1,3,5,135,9,小,单
0110,1,3,6,136,10,小,双
0111,1,2,3,123,6,小,双
0112,2,4,4,244,10,小,双
0113,1,4,5,145,10,小,双
0114,2,3,3,233,8,小,双
0115,2,2,6,226,10,小,双
0116,1,3,6,136,10,小,双
0117,2,3,4,234,9,小,单
0118,1,5,6,156,12,大,双
0119,1,2,5,125,8,小,双
0120,2,5,6,256,13,大,单
0121,3,5,5,355,13,大,单
0122,2,2,6,226,10,小,双
0123,1,2,3,123,6,小,双
0124,1,1,6,116,8,小,双
0125,2,5,5,255,12,大,双
0126,1,2,3,123,6,小,双
0127,3,4,5,345,12,大,双
0128,2,6,6,266,14,大,双
0129,2,4,6,246,12,大,双
0130,4,5,6,456,15,大,单
0131,2,4,6,246,12,大,双
0132,3,3,6,336,12,大,双
0133,2,3,4,234,9,小,单
0134,4,4,6,446,14,大,双
0135,1,2,3,123,6,小,双
0136,5,6,6,566,17,大,单
0137,2,4,5,245,11,大,单
0138,1,5,6,156,12,大,双
0139,2,4,4,244,10,小,双
0140,2,4,4,244,10,小,双
0141,2,2,5,225,9,小,单
0142,1,4,5,145,10,小,双
0143,1,2,6,126,9,小,单
0144,4,4,4,444,12,大,双
0145,1,3,6,136,10,小,双
0146,1,1,3,113,5,小,单
0147,1,4,5,145,10,小,双
0148,1,2,5,125,8,小,双
0149,2,5,5,255,12,大,双
0150,1,4,6,146,11,大,单
0151,1,3,4,134,8,小,双
0152,3,3,6,336,12,大,双
0153,1,3,6,136,10,小,双
0154,2,2,3,223,7,小,单
0155,2,3,6,236,11,大,单
0156,1,2,5,125,8,小,双
0157,2,3,4,234,9,小,单
0158,1,4,5,145,10,小,双
0159,4,4,5,445,13,大,单
0160,1,2,6,126,9,小,单
0161,1,4,5,145,10,小,双
0162,1,3,5,135,9,小,单
0163,3,5,6,356,14,大,双
0164,3,4,5,345,12,大,双
0165,1,2,5,125,8,小,双
0166,4,5,6,456,15,大,单
0167,2,3,5,235,10,小,双
0168,1,3,4,134,8,小,双
0169,2,6,6,266,14,大,双
0170,1,1,3,113,5,小,单
0171,2,2,5,225,9,小,单
0172,1,2,5,125,8,小,双
0173,2,2,4,224,8,小,双
0174,2,4,5,245,11,大,单
0175,4,5,5,455,14,大,双
0176,1,2,3,123,6,小,双
0177,2,3,4,234,9,小,单
0178,2,3,5,235,10,小,双
0179,2,3,4,234,9,小,单
0180,1,4,5,145,10,小,双
0181,2,3,3,233,8,小,双
0182,2,3,6,236,11,大,单
0183,2,2,3,223,7,小,单
0184,3,4,4,344,11,大,单
0185,1,3,5,135,9,小,单
0186,1,4,5,145,10,小,双
0187,1,1,3,113,5,小,单
0188,4,6,6,466,16,大,双
0189,1,4,5,145,10,小,双
0190,2,2,3,223,7,小,单
0191,1,2,3,123,6,小,双
0192,3,3,6,336,12,大,双
0193,2,3,5,235,10,小,双
0194,2,3,3,233,8,小,双
0195,5,5,5,555,15,大,单
0196,2,2,3,223,7,小,单
0197,1,2,3,123,6,小,双
0198,3,3,4,334,10,小,双
0199,1,5,6,156,12,大,双
0200,1,3,5,135,9,小,单
0201,2,2,6,226,10,小,双
0202,1,5,5,155,11,大,单
0203,3,3,4,334,10,小,双
0204,2,5,6,256,13,大,单
0205,1,3,5,135,9,小,单
0206,1,2,5,125,8,小,双
0207,3,4,6,346,13,大,单
0208,2,5,5,255,12,大,双
0209,1,1,2,112,4,小,双
0210,1,3,5,135,9,小,单
0211,3,4,6,346,13,大,单
0212,2,3,4,234,9,小,单
0213,2,5,6,256,13,大,单
0214,1,2,2,122,5,小,单
0215,1,1,5,115,7,小,单
0216,1,2,6,126,9,小,单
0217,3,3,4,334,10,小,双
0218,2,5,5,255,12,大,双
0219,1,4,4,144,9,小,单
0220,3,5,6,356,14,大,双
0221,1,2,5,125,8,小,双
0222,1,2,6,126,9,小,单
0223,2,3,4,234,9,小,单
0224,3,5,6,356,14,大,双
0225,2,3,6,236,11,大,单
0226,4,5,5,455,14,大,双
0227,1,1,4,114,6,小,双
0228,2,3,3,233,8,小,双
0229,2,5,6,256,13,大,单
0230,1,1,1,111,3,小,单
0231,1,2,5,125,8,小,双
0232,1,2,6,126,9,小,单
0233,1,5,5,155,11,大,单
0234,1,3,4,134,8,小,双
0235,2,4,5,245,11,大,单
0236,5,6,6,566,17,大,单
0237,2,2,2,222,6,小,双
0238,2,5,6,256,13,大,单
0239,2,4,6,246,12,大,双
0240,2,4,6,246,12,大,双
0241,1,5,6,156,12,大,双
0242,3,3,5,335,11,大,单
0243,1,2,4,124,7,小,单
0244,2,4,4,244,10,小,双
0245,5,5,6,556,16,大,双
0246,2,2,6,226,10,小,双
0247,2,3,4,234,9,小,单
0248,4,5,5,455,14,大,双
0249,4,5,5,455,14,大,双
0250,1,2,2,122,5,小,单
0251,2,2,4,224,8,小,双
0252,3,3,4,334,10,小,双
0253,1,2,6,126,9,小,单
0254,4,4,5,445,13,大,单
0255,1,2,3,123,6,小,双
0256,3,3,4,334,10,小,双
0257,2,4,6,246,12,大,双
0258,3,4,6,346,13,大,单
0259,2,4,6,246,12,大,双
0260,2,2,5,225,9,小,单
0261,1,4,4,144,9,小,单
0262,1,4,4,144,9,小,单
0263,1,2,4,124,7,小,单
0264,4,6,6,466,16,大,双
0265,3,5,6,356,14,大,双
0266,1,1,6,116,8,小,双
0267,3,4,4,344,11,大,单
0268,1,1,6,116,8,小,双
0269,1,4,5,145,10,小,双
0270,4,5,6,456,15,大,单
0271,1,3,6,136,10,小,双
0272,2,4,4,244,10,小,双
0273,1,4,6,146,11,大,单
0274,1,4,5,145,10,小,双
0275,2,4,5,245,11,大,单
0276,1,2,4,124,7,小,单
0277,4,6,6,466,16,大,双
0278,1,2,6,126,9,小,单
0279,1,1,4,114,6,小,双
0280,1,2,2,122,5,小,单
0281,2,5,6,256,13,大,单
0282,1,2,3,123,6,小,双
0283,2,6,6,266,14,大,双
0284,1,2,5,125,8,小,双
0285,1,1,2,112,4,小,双
0286,2,2,6,226,10,小,双
0287,2,2,3,223,7,小,单
0288,1,1,6,116,8,小,双
0289,1,2,5,125,8,小,双
0290,4,5,6,456,15,大,单
0291,3,4,6,346,13,大,单
0292,2,4,6,246,12,大,双
0293,3,3,5,335,11,大,单
0294,1,3,6,136,10,小,双
0295,3,6,6,366,15,大,单
0296,2,3,6,236,11,大,单
0297,6,6,6,666,18,大,双
0298,3,4,4,344,11,大,单
0299,1,3,4,134,8,小,双
0300,2,2,2,222,6,小,双
0301,2,5,6,256,13,大,单
0302,5,6,6,566,17,大,单
0303,2,2,4,224,8,小,双
0304,3,5,5,355,13,大,单
0305,1,2,4,124,7,小,单
0306,3,5,6,356,14,大,双
0307,4,6,6,466,16,大,双
0308,2,5,6,256,13,大,单
0309,3,4,6,346,13,大,单
0310,4,5,6,456,15,大,单
0311,1,3,3,133,7,小,单
0312,2,3,6,236,11,大,单
0313,3,4,4,344,11,大,单
0314,2,4,5,245,11,大,单
0315,1,4,4,144,9,小,单
0316,1,3,4,134,8,小,双
0317,1,1,2,112,4,小,双
0318,2,2,4,224,8,小,双
0319,3,4,5,345,12,大,双
0320,2,3,6,236,11,大,单
0321,3,4,5,345,12,大,双
0322,2,4,6,246,12,大,双
0323,2,3,5,235,10,小,双
0324,1,2,5,125,8,小,双
0325,1,1,5,115,7,小,单
0326,1,1,4,114,6,小,双
0327,2,3,5,235,10,小,双
0328,1,2,4,124,7,小,单
0329,2,5,5,255,12,大,双
0330,1,1,3,113,5,小,单
0331,2,3,4,234,9,小,单
0332,2,5,6,256,13,大,单
0333,2,5,5,255,12,大,双
0334,1,1,6,116,8,小,双
0335,5,6,6,566,17,大,单
0336,1,3,4,134,8,小,双
0337,1,1,2,112,4,小,双
0338,3,5,6,356,14,大,双
0339,5,5,6,556,16,大,双
0340,3,6,6,366,15,大,单
0341,1,6,6,166,13,大,单
0342,4,6,6,466,16,大,双
0343,2,2,6,226,10,小,双
0344,2,4,5,245,11,大,单
0345,1,1,5,115,7,小,单
0346,3,3,5,335,11,大,单
0347,2,5,5,255,12,大,双
0348,2,3,5,235,10,小,双
0349,2,6,6,266,14,大,双
0350,1,4,6,146,11,大,单
0351,3,4,6,346,13,大,单
0352,3,3,5,335,11,大,单
0353,2,3,5,235,10,小,双
0354,2,3,4,234,9,小,单
0355,3,4,6,346,13,大,单
0356,1,2,6,126,9,小,单
0357,3,4,5,345,12,大,双
0358,1,2,5,125,8,小,双
0359,2,5,5,255,12,大,双
0360,2,3,5,235,10,小,双
0361,1,1,6,116,8,小,双
0362,2,4,6,246,12,大,双
0363,1,2,6,126,9,小,单
0364,1,3,5,135,9,小,单
0365,2,5,6,256,13,大,单
0366,2,3,6,236,11,大,单
0367,4,4,5,445,13,大,单
0368,1,3,3,133,7,小,单
0369,1,1,5,115,7,小,单
0370,3,5,6,356,14,大,双
0371,1,5,6,156,12,大,双
0372,2,4,6,246,12,大,双
0373,1,2,5,125,8,小,双
0374,2,3,6,236,11,大,单
0375,2,3,5,235,10,小,双
0376,5,5,5,555,15,大,单
0377,1,1,6,116,8,小,双
0378,2,3,4,234,9,小,单
0379,1,5,6,156,12,大,双
0380,2,3,4,234,9,小,单
0381,2,2,3,223,7,小,单
0382,1,3,6,136,10,小,双
0383,1,4,6,146,11,大,单
0384,3,5,6,356,14,大,双
0385,2,5,5,255,12,大,双
0386,3,4,5,345,12,大,双
0387,2,3,4,234,9,小,单
0388,3,5,5,355,13,大,单
0389,5,5,6,556,16,大,双
0390,2,4,6,246,12,大,双
0391,2,4,5,245,11,大,单
0392,2,4,6,246,12,大,双
0393,1,5,5,155,11,大,单
0394,2,3,6,236,11,大,单
0395,4,5,6,456,15,大,单
0396,1,3,4,134,8,小,双
0397,3,4,4,344,11,大,单
0398,1,2,3,123,6,小,双
0399,3,5,6,356,14,大,双
0400,1,2,4,124,7,小,单
0401,1,4,4,144,9,小,单
0402,5,5,6,556,16,大,双
0403,5,5,6,556,16,大,双
0404,2,6,6,266,14,大,双
0405,5,5,6,556,16,大,双
0406,1,4,5,145,10,小,双
0407,3,4,6,346,13,大,单
0408,1,4,5,145,10,小,双
0409,2,3,4,234,9,小,单
0410,1,3,4,134,8,小,双
0411,1,4,5,145,10,小,双
0412,1,5,5,155,11,大,单
0413,1,2,4,124,7,小,单
0414,3,3,3,333,9,小,单
0415,2,2,3,223,7,小,单
0416,2,5,5,255,12,大,双
0417,2,3,5,235,10,小,双
0418,2,5,6,256,13,大,单
0419,2,2,5,225,9,小,单
0420,2,5,6,256,13,大,单
0421,2,4,6,246,12,大,双
0422,3,4,5,345,12,大,双
0423,2,3,5,235,10,小,双
0424,3,6,6,366,15,大,单
0425,3,6,6,366,15,大,单
0426,2,4,4,244,10,小,双
0427,2,4,5,245,11,大,单
0428,1,1,4,114,6,小,双
0429,3,3,6,336,12,大,双
0430,1,3,3,133,7,小,单
0431,3,4,6,346,13,大,单
0432,2,6,6,266,14,大,双
0433,1,1,6,116,8,小,双
0434,1,1,6,116,8,小,双
0435,1,1,5,115,7,小,单
0436,1,2,2,122,5,小,单
0437,1,6,6,166,13,大,单
0438,2,2,4,224,8,小,双
0439,1,1,2,112,4,小,双
0440,2,4,5,245,11,大,单
0441,2,2,5,225,9,小,单
0442,1,3,4,134,8,小,双
0443,1,4,6,146,11,大,单
0444,2,2,3,223,7,小,单
0445,1,5,6,156,12,大,双
0446,1,5,6,156,12,大,双
0447,2,4,5,245,11,大,单
0448,1,2,5,125,8,小,双
0449,1,3,4,134,8,小,双
0450,3,4,6,346,13,大,单
0451,2,2,4,224,8,小,双
0452,3,4,6,346,13,大,单
0453,2,3,6,236,11,大,单
0454,1,1,2,112,4,小,双
0455,2,2,6,226,10,小,双
0456,3,4,4,344,11,大,单
0457,1,1,5,115,7,小,单
0458,1,2,6,126,9,小,单
0459,2,4,6,246,12,大,双
0460,3,6,6,366,15,大,单
0461,1,2,4,124,7,小,单
0462,2,4,5,245,11,大,单
0463,2,2,2,222,6,小,双
0464,1,4,6,146,11,大,单
0465,1,2,4,124,7,小,单
0466,1,3,4,134,8,小,双
0467,1,1,3,113,5,小,单
0468,3,4,6,346,13,大,单
0469,5,6,6,566,17,大,单
0470,1,5,6,156,12,大,双
0471,3,3,3,333,9,小,单
0472,1,1,5,115,7,小,单
0473,5,5,6,556,16,大,双
0474,2,4,6,246,12,大,双
0475,1,2,3,123,6,小,双
0476,1,4,5,145,10,小,双
0477,2,3,6,236,11,大,单
0478,2,4,5,245,11,大,单
0479,1,4,6,146,11,大,单
0480,1,4,6,146,11,大,单
0481,3,5,6,356,14,大,双
0482,2,2,3,223,7,小,单
0483,2,4,4,244,10,小,双
0484,3,4,6,346,13,大,单
0485,2,4,5,245,11,大,单
0486,1,2,5,125,8,小,双
0487,2,4,5,245,11,大,单
0488,1,6,6,166,13,大,单
0489,2,2,5,225,9,小,单
0490,1,2,4,124,7,小,单
0491,2,4,5,245,11,大,单
0492,2,4,5,245,11,大,单
0493,1,1,4,114,6,小,双
0494,2,6,6,266,14,大,双
0495,1,3,6,136,10,小,双
0496,1,5,6,156,12,大,双
0497,2,4,5,245,11,大,单
0498,1,5,5,155,11,大,单
0499,3,4,6,346,13,大,单
0500,1,2,3,123,6,小,双
0501,3,4,6,346,13,大,单
0502,2,5,6,256,13,大,单
0503,2,3,3,233,8,小,双
0504,1,4,5,145,10,小,双
0505,1,2,4,124,7,小,单
0506,1,1,5,115,7,小,单
0507,2,4,6,246,12,大,双
0508,3,3,6,336,12,大,双
0509,2,3,6,236,11,大,单
0510,4,4,6,446,14,大,双
0511,1,2,4,124,7,小,单
0512,1,2,2,122,5,小,单
0513,2,2,6,226,10,小,双
0514,1,3,6,136,10,小,双
0515,2,3,5,235,10,小,双
0516,1,2,5,125,8,小,双
0517,4,5,5,455,14,大,双
0518,1,2,3,123,6,小,双
0519,2,2,4,224,8,小,双
0520,3,4,6,346,13,大,单
0521,2,5,6,256,13,大,单
0522,5,5,6,556,16,大,双
0523,5,5,5,555,15,大,单
0524,1,6,6,166,13,大,单
0525,1,3,3,133,7,小,单
0526,2,3,4,234,9,小,单
0527,2,3,5,235,10,小,双
0528,2,2,4,224,8,小,双
0529,1,5,6,156,12,大,双
0530,4,5,5,455,14,大,双
0531,1,4,5,145,10,小,双
0532,1,5,6,156,12,大,双
0533,2,4,5,245,11,大,单
0534,4,4,5,445,13,大,单
0535,1,3,4,134,8,小,双
0536,1,2,6,126,9,小,单
0537,2,5,6,256,13,大,单
0538,2,3,6,236,11,大,单
0539,1,4,6,146,11,大,单
0540,2,3,3,233,8,小,双
0541,1,2,4,124,7,小,单
0542,1,3,5,135,9,小,单
0543,1,4,6,146,11,大,单
0544,1,2,3,123,6,小,双
0545,1,2,3,123,6,小,双
0546,2,3,5,235,10,小,双
0547,1,3,6,136,10,小,双
0548,1,5,6,156,12,大,双
0549,3,5,5,355,13,大,单
0550,1,1,3,113,5,小,单
0551,1,5,5,155,11,大,单
0552,1,2,4,124,7,小,单
0553,1,2,3,123,6,小,双
0554,3,4,5,345,12,大,双
0555,1,3,4,134,8,小,双
0556,2,6,6,266,14,大,双
0557,2,4,6,246,12,大,双
0558,2,3,6,236,11,大,单
0559,5,5,6,556,16,大,双
0560,1,4,5,145,10,小,双
